Row,Section_Title,Label,Value,Note,Referenced_By_Scripts,Referenced_Anywhere
1,Model Assumptions & Coefficients,,,,,False
2,,Assumption,Value,Notes,,False
3,,Home Field Advantage (pts),1.5,Total points added to the home team's expected scoring edge.,build_game_environment_wiring;build_season_matchups,True
4,,Rest Day Coefficient (pts per day of rest advantage),0.25,Multiplied by (Home Rest Days - Away Rest Days) on the matchup tab.,build_season_matchups,True
5,,"Travel Coefficient (pts penalty per 1,000 miles traveled)",0.4,"Applied only to the away team, scaled by travel distance.",build_season_matchups,True
6,,Wind Threshold (mph),15,Wind speeds at/below this have no modeled effect.,build_game_environment_wiring;build_season_matchups,True
7,,"Wind Adjustment (pts, applied to game total)",-3,"Applied once wind speed exceeds the threshold, outdoor games only.",build_game_environment_wiring;build_season_matchups,True
8,,Cold Threshold (deg F),32,Temperatures at/above this have no modeled cold effect.,build_game_environment_wiring;build_season_matchups,True
9,,"Cold Adjustment (pts, applied to game total)",-2,"Applied when temperature falls below the threshold, outdoor games only.",build_game_environment_wiring;build_season_matchups,True
10,,"Precipitation Adjustment (pts, applied to game total)",-2,"Applied when the Precipitation flag is 'Y', outdoor games only.",build_game_environment_wiring;build_season_matchups,True
11,,"Divisional Game Adjustment (pts, applied to game total)",-1,Divisional games historically trend slightly under a neutral total (familiarity/game-planning).,build_season_matchups,True
12,,Current-Season Blend Weight — Base (at 1 game played),0.15,How much weight current-season stats get right after Week 1.,current_season_blend,True
13,,Current-Season Blend Weight — Added per Additional Game,0.08,Weight on current-season stats increases by this much per game played.,current_season_blend,True
14,,Current-Season Blend Weight — Maximum Cap,0.85,"Historical data is never fully discarded, even late in the season.",current_season_blend,True
15,,Recommendation Threshold — Spread (pts),1.5,Minimum |edge| vs. the sportsbook spread before the sheet flags a side.,build_season_matchups,True
16,,Recommendation Threshold — Total (pts),2,Minimum |edge| vs. the sportsbook total before the sheet flags Over/Under.,build_season_matchups,True
17,Year-over-Year Historical Baseline Engine Settings,,,,,False
18,,Current Season (being projected),2026,"Historical seasons are computed relative to this: Y-1, Y-2, Y-3.",build_cb_s_index;build_coaching_index;build_defense_index;build_edge_idl_index;build_effective_qb_rating_wiring;build_efficiency_engine;build_explosive_play_matchup;build_kicking_index;build_lb_index;build_oline_index;build_pass_defense_matchup;build_pass_rush_generation_index;build_player_prop_projections;build_qb_environment_model;build_qb_index;build_rb_index;build_run_defense_matchup;build_secondary_index;build_special_teams_index;build_special_teams_player_index;build_team_specific_hfa;build_wr_te_index,True
19,,Historical Lookback Window (years),3,Documentation only in this template — the engine tab is built with exactly 3 prior-season columns. Extending beyond 3 years requires adding columns there.,,False
20,,Decay Factor (weight ratio between consecutive prior years),0.5,Weight(Y-2) = Decay x Weight(Y-1); Weight(Y-3) = Decay^2 x Weight(Y-1). Lower = recent seasons dominate more.,build_cb_s_index;build_coaching_index;build_defense_index;build_edge_idl_index;build_efficiency_engine;build_explosive_play_matchup;build_kicking_index;build_lb_index;build_oline_index;build_pass_defense_matchup;build_pass_rush_generation_index;build_player_prop_projections;build_qb_environment_model;build_qb_index;build_rb_index;build_run_defense_matchup;build_secondary_index;build_special_teams_index;build_special_teams_player_index;build_team_specific_hfa;build_wr_te_index,True
21,,Carryover Weight (team's own history vs. league mean),0.4,"0 = full regression to the league average (ignore team history); 1 = pure team history, no regression to the mean.",build_cb_s_index;build_coaching_index;build_defense_index;build_edge_idl_index;build_efficiency_engine;build_explosive_play_matchup;build_kicking_index;build_lb_index;build_oline_index;build_pass_defense_matchup;build_pass_rush_generation_index;build_player_prop_projections;build_qb_environment_model;build_qb_index;build_rb_index;build_run_defense_matchup;build_secondary_index;build_special_teams_index;build_special_teams_player_index;build_team_specific_hfa;build_wr_te_index,True
22,,"Last-Year Emphasis Weight (0-1, within the team-history component)",0.3,"0 = rely purely on the 3-yr decay-weighted average; 1 = ignore the 3-yr average entirely and use only last year's (Y-1) number. Sits inside the team's own history, before that combined figure is regressed toward the league mean via Carryover Weight above.",build_cb_s_index;build_coaching_index;build_defense_index;build_edge_idl_index;build_efficiency_engine;build_explosive_play_matchup;build_kicking_index;build_lb_index;build_oline_index;build_pass_defense_matchup;build_pass_rush_generation_index;build_player_prop_projections;build_qb_environment_model;build_qb_index;build_rb_index;build_run_defense_matchup;build_secondary_index;build_special_teams_index;build_special_teams_player_index;build_team_specific_hfa;build_wr_te_index,True
23,Advanced Efficiency Metrics Weighting (pts added to Net Power Rating per 1 std. dev. from league average),,,,,False
24,,EPA/Play Weight — Offense (pts per SD),0.5,EPA/play is the most complete single efficiency stat -- weighted highest of the three scored metrics.,build_efficiency_engine,True
25,,EPA/Play Weight — Defense Allowed (pts per SD),0.5,"Same logic, applied to EPA/play allowed (lower allowed = better defense; already sign-flipped in the engine so higher Z always means better).",build_efficiency_engine,True
26,,Success Rate Weight — Offense (pts per SD),0.4,More stable than EPA (less skewed by a few explosive plays) but overlaps with it -- weighted a bit lower to avoid double-counting the same signal.,build_efficiency_engine,True
27,,Success Rate Weight — Defense Allowed (pts per SD),0.4,Defensive mirror of the row above.,build_efficiency_engine,True
28,,NY/A Weight — Offense (pts per SD),0.3,Net Yards per Attempt correlates strongly with EPA/play and points already scored elsewhere in the model -- weighted lowest of the three to limit redundancy.,build_efficiency_engine,True
29,,NY/A Weight — Defense Allowed (pts per SD),0.3,Defensive mirror of the row above.,build_efficiency_engine,True
31,PROE (Pass Rate Over Expected) is tracked on the 'Advanced Efficiency Metrics' tab for context but is NOT weighted here -- it describes a team's play-,,,,,False
33,QB Index Weighting & Conversion (pts per std. dev.; points-scale constants -- see 'QB Index' tab),,,,,False
34,,"EPA/Play Weight (QB Index, pts per SD)",0.5,"EPA/play is the most complete single stat for a QB too -- weighted highest, same logic as the team-level Advanced Efficiency Metrics weighting.",build_qb_environment_model;build_qb_index,True
35,,"CPOE Weight (QB Index, pts per SD)",0.3,"Completion % Over Expected isolates accuracy skill and is less scheme-dependent than EPA, but overlaps with it -- weighted lower to avoid double-counting.",build_qb_environment_model;build_qb_index,True
36,,"ANY/A Weight (QB Index, pts per SD)",0.3,"Traditional, well-understood counting stat; correlates with EPA but serves as a useful sanity check against it.",build_qb_environment_model;build_qb_index,True
37,,QB Index Baseline Score (league-average QB),50,The points-scale center: a QB scoring exactly average across all three weighted metrics gets this score. Change this to re-center the whole scale.,build_cb_s_index;build_defense_index;build_edge_idl_index;build_kicking_index;build_lb_index;build_oline_index;build_pass_defense_matchup;build_qb_environment_model;build_qb_index;build_rb_index;build_run_defense_matchup;build_secondary_index;build_special_teams_index;build_special_teams_player_index;build_wr_te_index,True
38,,QB Index Points per Std. Dev.,10,Converts the weighted Z-score sum into points: each 10 points above/below the baseline represents roughly 1 standard deviation from league average.,build_cb_s_index;build_defense_index;build_edge_idl_index;build_kicking_index;build_lb_index;build_oline_index;build_pass_defense_matchup;build_qb_environment_model;build_qb_index;build_rb_index;build_run_defense_matchup;build_secondary_index;build_special_teams_index;build_special_teams_player_index;build_wr_te_index,True
39,,QB Index Points-to-Game-Points Conversion,0.15,"A starting guess, like every other coefficient in this model: predicted scoring impact (in game points) per 1 point of QB Index gap between a team's starter and backup. Tune this if replacement-value swings feel too large or too small.",build_replacement_value,True
40,"Availability Index Weighting (pts per std. dev.; partial index -- Injury History and Schedule Density only, see 'Availability Index' tab)",,,,,False
41,,Injury History Weight (pts per SD),0.5,"Fewer recent Out/Doubtful weeks -> higher (better) Z, weighted here. Set to 0 to exclude this dimension entirely.",build_availability_index,True
42,,Schedule Density Weight (pts per SD),0.5,"Less recent-trailing-window travel -> higher (better) Z. Note: for a season opener (Week 1), every team's trailing window is empty by definition (no games played yet that season) -- this dimension is only meaningful once real games have been played, e.g. Week 8+.",build_availability_index,True
43,RB Value Index Weighting & Conversion (pts per std. dev.; reuses QB Index's points-scale constants C37/C38 -- see 'RB Value Index' tab),,,,,False
44,,"Rushing EPA/Play Weight (RB Index, pts per SD)",0.35,"EPA/play is a complete single rushing stat -- weighted down from this tab's original 0.5 now that RYOE/Att (C82, real official NGS data) exists as a more precise, tracking-data-based isolate of the runner's own skill.",build_rb_index,True
45,,"Rushing Success Rate Weight (RB Index, pts per SD)",0.25,Correlates with EPA but isolates consistency (positive-EPA rate) rather than magnitude -- weighted lower to avoid double-counting. Weighted down from 0.4 for the same 4-metric rebalancing as C44.,build_rb_index,True
46,,"YPC Weight (RB Index, pts per SD)",0.15,"Traditional, well-understood counting stat; plays the same role ANY/A plays for QB Index -- a sanity check alongside the EPA-based metrics, not the primary signal. Weighted down from 0.3 for the same rebalancing.",build_rb_index,True
47,,RB Index Points-to-Game-Points Conversion,0.08,"A starting guess, like every other coefficient in this model -- deliberately smaller than QB's C39 (0.15): one RB touches the ball on a subset of offensive plays, unlike a QB who's on every snap, so replacement-value swings should have less aggregate scoring impact. This is a SEPARATE constant from ",build_rb_index,True
48,WR/TE Value Index Weighting (pts per std. dev.; reuses QB Index's points-scale constants C37/C38 -- see 'WR-TE Value Index' tab),,,,,False
49,,"Receiving EPA/Target Weight (WR/TE Index, pts per SD)",0.5,"EPA/target is the most complete single receiving stat -- weighted highest, same logic as every other efficiency weighting in this model.",build_wr_te_index,True
50,,"Reception Success Rate Weight (WR/TE Index, pts per SD)",0.4,Correlates with EPA but isolates consistency (positive-EPA rate) rather than magnitude -- weighted lower to avoid double-counting.,build_wr_te_index,True
51,,"YPT Weight (WR/TE Index, pts per SD)",0.3,"Traditional, well-understood counting stat -- a sanity check alongside the EPA-based metrics, not the primary signal.",build_wr_te_index,True
52,Kicking Index Weighting & Conversion (pts per std. dev.; reuses QB Index's points-scale constants C37/C38 -- see 'Kicking Index' tab),,,,,False
53,,"FG% Over Expected Weight (Kicking Index, pts per SD)",0.5,"Distance-adjusted make rate is the most complete single kicking stat -- weighted highest, same logic as every other efficiency weighting in this model.",build_kicking_index,True
54,,"FG% Weight (Kicking Index, pts per SD)",0.3,"Raw make rate correlates with FG% Over Expected but isn't distance-adjusted -- a team with an unusually short or long average attempt distance would skew this on its own, so it's weighted lower as a sanity check.",build_kicking_index,True
55,,"XP% Weight (Kicking Index, pts per SD)",0.2,"Extra points are made at a very high, tightly clustered rate league-wide (essentially all NFL kickers convert 90%+) -- weighted lowest since it's the least discriminating of the three metrics.",build_kicking_index,True
56,,Kicking Index Points-to-Game-Points Conversion,0.05,"A starting guess, like every other coefficient in this model -- smaller than every other position's conversion constant (RB's is 0.08, QB's is 0.15), reflecting kicking's genuinely lower game impact per the roadmap's own framing. This is a DIRECT quality adjustment, not a Replacement Value swap -- s",build_kicking_index,True
57,Offensive Line Index Weighting & Conversion (pts per std. dev.; reuses QB Index's points-scale constants C37/C38 -- see 'Offensive Line Index' tab),,,,,False
58,,"Pass Protection Weight (OL Index, pts per SD)",0.4,"Real, team-level pressure-rate-allowed proxy (Pro Football Reference) -- weighted down from this tab's original 0.5 now that Sack-Free Rate (Fault-Adjusted, C81) exists as a more precise, fault-attributed real signal specifically for sacks; Pass_Protection still captures pressure beyond just sacks (",build_oline_index,True
59,,"Run Blocking Weight (OL Index, pts per SD)",0.35,"Real, team-level Yards-Before-Contact-per-Attempt proxy (Pro Football Reference) -- weighted down from 0.5 for the same 3-metric rebalancing as C58.",build_oline_index,True
60,,Rookie Starter Penalty -- LT/LG/RG/RT (pts),1,"Applied to a real current starter's individual score when he's a true rookie (0 years NFL experience, from real roster data) -- a documented, honest proxy for continuity risk, NOT a fabricated skill grade. A guess, like every other coefficient in this model.",build_oline_index,True
61,,Rookie Starter Penalty -- Center (pts),2,"Larger than the other 4 spots -- the center makes protection calls and communicates the whole line's assignments, so a true rookie there is a meaningfully bigger real risk than at guard/tackle. Same proxy logic as C60, just weighted higher for this one spot.",build_oline_index,True
62,,LT Positional Weight (Team Blend),0.22,Blind-side protector for a right-handed QB (the large majority) -- weighted highest alongside RT.,build_oline_index,True
63,,LG Positional Weight (Team Blend),0.17,,build_oline_index,True
64,,C Positional Weight (Team Blend),0.2,Communication hub for the whole line -- weighted above LG/RG.,build_oline_index,True
65,,RG Positional Weight (Team Blend),0.17,,build_oline_index,True
66,,RT Positional Weight (Team Blend),0.24,Weighted highest of all 5 -- faces the opponent's best pass rusher most often in most modern defensive fronts.,build_oline_index,True
67,,OL Index Points-to-Game-Points Conversion,0.06,"A starting guess, like every other coefficient in this model. This is a DIRECT quality adjustment, not a Replacement Value swap -- there's no 'backup offensive line' to swap in, same reasoning as Kicking Index's C56.",build_oline_index,True
68,Front Seven Index Weighting & Conversion (pts per std. dev.; reuses QB Index's points-scale constants C37/C38 -- see 'Front Seven Index' tab),,,,,False
69,,"Sack Rate Weight (Front 7 Index, pts per SD)",0.4,"Real, individually-credited sacks per real pass play faced -- weighted highest as the clearest single pass-rush production signal.",build_defense_index,True
70,,"TFL Rate Weight (Front 7 Index, pts per SD)",0.3,Real run-and-pass tackles for loss per real defensive play faced.,build_defense_index,True
71,,"QB Hit Rate Weight (Front 7 Index, pts per SD)",0.3,Real QB hits per real pass play faced -- correlates with Sack Rate but captures pressure that didn't finish as a sack.,build_defense_index,True
72,,Front 7 Index Points-to-Game-Points Conversion,0.07,"A starting guess, like every other coefficient in this model. This is a DIRECT quality adjustment, not a Replacement Value swap -- there's no 'backup front seven' to swap in as a unit, same reasoning as Kicking Index's C56 and Offensive Line Index's C67.",build_defense_index,True
73,Secondary Index Weighting & Conversion (pts per std. dev.; reuses QB Index's points-scale constants C37/C38 -- see 'Secondary Index' tab),,,,,False
74,,"INT Rate Weight (Secondary Index, pts per SD)",0.5,"Real, individually-credited interceptions per real pass play faced -- weighted equally with PBU Rate since both are genuinely real signals, unlike the front seven's 3-metric split (there's no honest third team-level secondary metric available).",build_secondary_index,True
75,,"PBU Rate Weight (Secondary Index, pts per SD)",0.5,"Real pass breakups per real pass play faced -- a much larger, less variance-prone sample than interceptions, so it's a meaningful complement even at an equal weight.",build_secondary_index,True
76,,Secondary Index Points-to-Game-Points Conversion,0.06,"A starting guess, like every other coefficient in this model. This is a DIRECT quality adjustment, not a Replacement Value swap -- there's no 'backup secondary' to swap in as a unit, same reasoning as every other position-group tab wired directly into Team Ratings.",build_secondary_index,True
77,Special Teams Index Weighting & Conversion (pts per std. dev.; reuses QB Index's points-scale constants C37/C38 -- see 'Special Teams Index' tab),,,,,False
78,,"Net Punt Average Weight (Special Teams Index, pts per SD)",0.5,"Real (kick_distance - return_yards) per real non-blocked punt -- weighted equally with Return Average since both are genuinely real signals, unlike other tabs' 3-metric splits (there's no honest third team-level special-teams metric available).",build_special_teams_index,True
79,,"Return Average Weight (Special Teams Index, pts per SD)",0.5,Real combined kickoff + punt return yards per real return.,build_special_teams_index,True
80,,Special Teams Index Points-to-Game-Points Conversion,0.05,"A starting guess, like every other coefficient in this model -- small, reflecting special teams' real but limited aggregate game impact (similar framing to Kicking Index's C56). This is a DIRECT quality adjustment, not a Replacement Value swap -- there's no 'backup special teams unit' to swap in.",build_special_teams_index,True
81,,"Sack-Free Rate (Fault-Adjusted) Weight (OL Index, pts per SD)",0.25,"Added after the fact once FTN Data's real, free per-play charting (is_qb_fault_sack) was found -- appended here rather than inserted next to C58/C59 to avoid shifting every row reference every later tab's build script already hardcodes (Front Seven/Secondary/Special Teams start at C68/C73/C77). Real",build_oline_index,True
82,,"RYOE/Att Weight (RB Index, pts per SD, real NFL Next Gen Stats)",0.35,"Added after the fact once real, official NGS Rush Yards Over Expected data was found -- appended here rather than inserted next to C44-C46 to avoid shifting every row reference every later tab's build script already hardcodes (WR/TE/Kicking/OL/Front-Seven/Secondary/Special-Teams start at C48/C52/C57",build_rb_index,True
83,,WR/TE Corps Quality Points-to-Game-Points Conversion,0.05,"claude_code_spec_consolidated_fixes.md Part 3 -- appended here rather than inserted next to C49-C51 to avoid shifting every later tab's hardcoded row references (same convention as RB's C82, OL's C81). A starting guess, like every other coefficient in this model. Smaller than QB's/RB's own conversio",build_wr_te_index,True
84,,"Avg Separation Weight (WR/TE Index, pts per SD, real NFL Next Gen Stats)",0.25,"Real route-running/get-open skill (yards of separation at the catch) that this tab's outcome-based metrics (EPA/Target, Success Rate, YPT) don't isolate on their own -- appended here rather than inserted next to C49-C51 to avoid shifting every later tab's hardcoded row references (same convention as",build_wr_te_index,True
85,,"YAC Over Expectation Weight (WR/TE Index, pts per SD, real NFL Next Gen Stats)",0.25,"Real after-catch playmaking isolated from the type of catch (actual YAC minus a model's expected YAC) -- the RB Index RYOE/Att equivalent for receivers. Weighted equal with Avg Separation: both are real, partial-coverage NGS skill-isolation signals distinct from the outcome-based metrics above.",build_wr_te_index,True
86,Pass Defense Matchup Weighting & Conversion (pts per std. dev.; reuses QB Index's points-scale constants C37/C38 -- see 'Pass Defense Matchup' tab),,,,,False
87,,"EPA/Dropback Allowed Weight (Pass Defense Matchup, pts per SD)",0.35,"The most complete single pass-defense value stat -- weighted highest, same logic as every other EPA-based weighting in this model.",build_pass_defense_matchup,True
88,,"Pass Success Rate Allowed Weight (Pass Defense Matchup, pts per SD)",0.25,Correlates with EPA but isolates consistency (positive-EPA-allowed rate) rather than magnitude.,build_pass_defense_matchup,True
89,,"Completion % Allowed Weight (Pass Defense Matchup, pts per SD)",0.15,"Traditional counting stat -- doesn't account for depth of target or yards-after-catch the way EPA does, weighted lower as a sanity check.",build_pass_defense_matchup,True
90,,"NY/A Allowed Weight (Pass Defense Matchup, pts per SD)",0.15,"Traditional counting stat, real and pass-only (efficiency.py's existing NY/A Allowed (Def) -- not recomputed here).",build_pass_defense_matchup,True
91,,"Explosive Pass Rate Allowed Weight (Pass Defense Matchup, pts per SD)",0.1,"A real tail-risk signal (big-play rate allowed) distinct from the average-based metrics above -- weighted lowest as a supplementary signal, not the primary one.",build_pass_defense_matchup,True
92,,Pass Defense Matchup Points-to-Game-Points Conversion,0.1,"A starting guess, like every other coefficient in this model -- a structurally different, dedicated constant, NOT reused from any other tab's conversion factor (this measures a phase-specific MATCHUP differential, not a team-level quality adjustment or a Replacement Value swap). NOT YET VALIDATED ag",,False
93,Run Defense Matchup Weighting & Conversion (pts per std. dev.; reuses QB Index's points-scale constants C37/C38 -- see 'Run Defense Matchup' tab),,,,,False
94,,"EPA/Rush Allowed Weight (Run Defense Matchup, pts per SD)",0.35,"The most complete single run-defense value stat -- weighted highest, same logic as every other EPA-based weighting in this model.",build_run_defense_matchup,True
95,,"Run Success Rate Allowed Weight (Run Defense Matchup, pts per SD)",0.25,Correlates with EPA but isolates consistency (positive-EPA-allowed rate) rather than magnitude.,build_run_defense_matchup,True
96,,"Yards/Carry Allowed Weight (Run Defense Matchup, pts per SD)",0.2,"Traditional, well-understood counting stat -- a sanity check alongside the EPA-based metrics.",build_run_defense_matchup,True
97,,"Explosive Run Rate Allowed Weight (Run Defense Matchup, pts per SD)",0.1,A real tail-risk signal (big-play rate allowed) distinct from the average-based metrics above -- weighted lowest as a supplementary signal.,build_run_defense_matchup,True
98,,"Stuff Rate Allowed Weight (Run Defense Matchup, pts per SD)",0.1,Real havoc-rate signal (share of carries stopped at or behind the line) -- the ONE metric on this tab where HIGHER raw value means better defense; Section 5 inverts this one's Z-score direction relative to the other four (see this tab's own module docstring/closing note).,build_run_defense_matchup,True
99,,Run Defense Matchup Points-to-Game-Points Conversion,0.1,"A starting guess, like every other coefficient in this model -- a structurally different, dedicated constant, NOT reused from any other tab's conversion factor (this measures a phase-specific MATCHUP differential, not a team-level quality adjustment or a Replacement Value swap). NOT YET VALIDATED ag",,False
100,Defensive Matchup Engine -- Week 1 Matchups Wiring (Part C; pts per pt of Score-vs-Score differential -- see 'Week 1 Matchups' tab),,,,,False
101,,Pass Matchup Points-to-Game-Points Conversion,0.08,"A starting guess, like every other coefficient in this model -- a structurally different, dedicated constant, NOT reused from any other tab's conversion factor. Converts (Starter QB Index Score - opponent Pass Defense Matchup Score) into real game points. NOT YET VALIDATED against real outcomes -- s",build_defensive_matchup_wiring,True
102,,Run Matchup Points-to-Game-Points Conversion,0.06,"A starting guess, like every other coefficient in this model -- a structurally different, dedicated constant, NOT reused from any other tab's conversion factor. Converts (Starter RB Index Score - opponent Run Defense Matchup Score) into real game points. Smaller than the pass conversion (C101), refl",build_defensive_matchup_wiring,True
103,EDGE/IDL Index Weighting & Conversion (pts per std. dev.; reuses QB Index's points-scale constants C37/C38 -- see 'EDGE-IDL Index' tab),,,,,False
104,,"Sack Rate Weight (EDGE/IDL Index, pts per SD)",0.5,"Real, individually-credited sacks per real defensive snap -- weighted highest as the clearest single individual pass-rush production signal, same logic as Front Seven Index's own team-level weighting.",build_edge_idl_index,True
105,,"TFL Rate Weight (EDGE/IDL Index, pts per SD)",0.25,Real run-and-pass tackles for loss per real defensive snap.,build_edge_idl_index,True
106,,"QB Hit Rate Weight (EDGE/IDL Index, pts per SD)",0.25,Real QB hits per real defensive snap -- correlates with Sack Rate but captures pressure that didn't finish as a sack.,build_edge_idl_index,True
107,,EDGE/IDL Index Replacement Value Points-to-Game-Points Conversion,0.05,"A starting guess, like every other coefficient in this model -- a structurally different, dedicated constant, NOT reused from QB's/RB's own conversion factors. Smaller than QB's/RB's: these stats are noisier and more scheme/teammate-dependent (see this tab's own closing note), so a given point gap h",build_edge_idl_index,True
108,LB Index Weighting & Conversion (pts per std. dev.; reuses QB Index's points-scale constants C37/C38 -- see 'LB Index' tab),,,,,False
109,,"Tackle Rate Weight (LB Index, pts per SD)",0.6,"Real, individually-credited combined solo+assist tackles per real defensive snap -- the primary real production signal for an off-ball linebacker, weighted highest.",build_lb_index,True
110,,"TFL Rate Weight (LB Index, pts per SD)",0.4,Real run-and-pass tackles for loss per real defensive snap -- a playmaking signal distinct from total tackle volume.,build_lb_index,True
111,,LB Index Replacement Value Points-to-Game-Points Conversion,0.05,"A starting guess, like every other coefficient in this model -- a structurally different, dedicated constant, NOT reused from QB's/RB's/EDGE-IDL Index's own conversion factors. These stats are noisier and more scheme/teammate-dependent (see this tab's own closing note), so a given point gap here sho",build_lb_index,True
112,CB/S Index Weighting & Conversion (pts per std. dev.; reuses QB Index's points-scale constants C37/C38 -- see 'CB-S Index' tab),,,,,False
113,,"INT Rate Weight (CB/S Index, pts per SD)",0.5,"Real, individually-credited interceptions per real defensive snap -- the clearest single individual coverage playmaking signal, weighted highest, same logic as Secondary Index's own team-level weighting.",build_cb_s_index,True
114,,"PBU Rate Weight (CB/S Index, pts per SD)",0.5,"Real pass breakups per real defensive snap -- weighted equal with INT Rate: a PBU is a real, credited coverage win that simply didn't result in a turnover, not an inherently lesser signal.",build_cb_s_index,True
115,,CB/S Index Replacement Value Points-to-Game-Points Conversion,0.05,"A starting guess, like every other coefficient in this model -- a structurally different, dedicated constant, NOT reused from any other tab's own conversion factor. These stats are noisier and more scheme/teammate-dependent (see this tab's own closing note), so a given point gap here should move the",build_cb_s_index,True
116,Special Teams Player Index Conversion (pts per std. dev.; reuses QB Index's points-scale constants C37/C38 -- see 'Special Teams Player Index' tab),,,,,False
117,,Special Teams Player Index Repl. Value Conversion,0.05,"A starting guess, like every other coefficient in this model -- ONE shared constant across all three real roles (P/KR/PR), same one-tab-one-conversion precedent as EDGE/IDL Index. These are the noisiest scores in the workbook (see this tab's own closing note) -- a given point gap here should move th",build_special_teams_player_index,True
118,Pass Rush Generation Index Weighting (Z-score composite -- NO points-scale conversion; feeds the OL vs. Pass Rush Matchup wiring directly in Z-units -,,,,,False
119,,Sack Rate Weight (Pass Rush Generation Index),0.5,The most direct real outcome of a real pass rush -- weighted highest.,build_pass_rush_generation_index,True
120,,"Pressure Proxy Weight (QB Hit Rate, Pass Rush Generation Index)",0.35,"Real pressure that didn't finish as a sack -- a real, direct pass-rush outcome, weighted second (same 'Pressure Proxy' framing/caveat Pass Defense Matchup's own reference column already carries).",build_pass_rush_generation_index,True
121,,Blitz Rate Weight (Pass Rush Generation Index),0.15,"A real scheme-aggression signal, not a direct outcome the way Sack Rate/QB Hit Rate are -- a blitz-heavy defense generates more pressure LOOKS even when it doesn't convert, but this is a weaker, more indirect real signal than the other two, so it's weighted lowest.",build_pass_rush_generation_index,True
122,OL vs. Pass Rush Matchup Wiring (Week 1 Matchups; pts per pt of Z-score differential -- see 'Week 1 Matchups' tab),,,,,False
123,,OL Pressure Matchup Points-to-Game-Points Conversion,0.05,"A starting guess, like every other coefficient in this model -- a structurally different, dedicated constant, NOT reused from any other tab's conversion factor (not QB's C37/C38 scale, not the Defensive Matchup Engine's pass/run constants C101/C102). Converts (OL Protection Z - opponent Pass Rush Ge",build_ol_pass_rush_wiring,True
124,,"Red-Zone Carry Share Weight (RB Index, pts per SD)",0,"claude_code_spec_route_redzone_usage.md -- DEFAULTS TO 0 (informational only). Red-Zone Carry Share is a real USAGE signal, not an efficiency measure like every other weight above -- the spec's own explicit instruction is to keep usage share out of the existing weighted composite by default rather t",build_rb_index,True
125,,"Pass-Play Snap Participation % Weight (WR/TE Index, pts per SD)",0,"claude_code_spec_route_redzone_usage.md -- DEFAULTS TO 0 (informational only). A real usage signal (see receiving_stats.py's own docstring for why this is a Pass-Play Snap Participation % proxy, not confirmed route-run data), not efficiency -- the spec's own explicit instruction is to keep usage sha",build_wr_te_index,True
126,,"Red-Zone Target Share Weight (WR/TE Index, pts per SD)",0,"claude_code_spec_route_redzone_usage.md -- DEFAULTS TO 0 (informational only), same reasoning as C125.",build_wr_te_index,True
127,QB Environment Model -- Talent Extension & Situational Adjustments (reuses QB Index's own EPA/CPOE/ANY-A weights C34-36 and points-scale C37/C38 -- se,,,,,False
128,,"Success Rate Weight (QB Environment Model Talent, pts per SD)",0.15,"claude_code_spec_qb_environment_model.md Part A. A NEW, modest weight added ON TOP of QB Index's own 3 weights (C34-36, unchanged) -- correlates with EPA/Play, so weighted well below it to avoid double-counting, per the spec's own explicit instruction.",build_qb_environment_model,True
129,,"Explosive Pass Rate Weight (QB Environment Model Talent, pts per SD)",0.15,"Same reasoning as C128 -- correlates with CPOE/air yards, weighted modestly.",build_qb_environment_model,True
130,,New Team This Season Penalty (pts),1,"A starting guess, like every other coefficient in this model. Applied to a QB's real Situational Adjustment when his current-roster team differs from his own most recent prior-season team -- a real, documented continuity-risk proxy, same treatment as OL Index's rookie-starter penalties (C60/C61), NO",build_qb_environment_model,True
131,,Recently Returned from Injury Penalty (pts),1,"A starting guess, like every other coefficient in this model. Applied when a QB's most recent real Out designation fell within the back stretch (week >= 14) of the most recently pulled season -- see this tab's own HONESTY NOTE for why this is a real but imperfect proxy for entering the season banged",build_qb_environment_model,True
132,Effective QB Rating Wiring (Week 1 Matchups Part C combination -- see 'Week 1 Matchups' tab),,,,,False
133,,Sack Tendency OL-Modifier Scaling Constant,0.25,"A starting guess, like every other coefficient in this model. The OL vs. Pass Rush Matchup Adjustment is multiplied by (1 + MAX(0, Starter's real Sack Rate Z) * this constant) -- a QB with an average or below-average sack rate gets NO amplification (multiplier stays 1x); a QB 1 SD above average sack",build_effective_qb_rating_wiring,True
134,,Weather-on-Passing Scaling Constant,0.5,"A starting guess, like every other coefficient in this model. This is an ADDITIONAL modifier on top of the existing generic Weather Adj (U, applied evenly to both teams via Z/AA's own U/2 term) -- deliberately moderate (0.5, not 1.0) to avoid double-penalizing bad weather twice. Multiplies the exist",build_effective_qb_rating_wiring,True
135,"Explosive Play Matchup -- Pass Explosive-Prevention Composite Weighting (Z-score composite, no points-scale conversion -- see 'Explosive Play Matchup'",,,,,False
136,,"Explosive Pass Rate Allowed Weight (Pass Prevention Composite, ref)",0.4,"Real, already-established defensive metric (Pass Defense Matchup's own Section 5, referenced not recomputed) -- weighted highest as the most direct single real signal for 'defense giving up big plays through the air.'",build_explosive_play_matchup,True
137,,Deep Pass Completion Rate Allowed Weight (Pass Prevention Composite),0.35,"A genuinely distinct real signal ('getting beaten deep') from Explosive Pass Rate Allowed -- weighted close behind it, not treated as a lesser duplicate.",build_explosive_play_matchup,True
138,,YAC Allowed Weight (Pass Prevention Composite),0.25,"A real proxy for 'not making plays in space,' weighted lowest of the three -- further from pure coverage/pass-rush quality than the other two (real missed tackles would be more direct, but that data doesn't exist anywhere free).",build_explosive_play_matchup,True
139,Explosive Play Matchup Wiring (Week 1 Matchups; pts per pt of Z-score differential -- see 'Week 1 Matchups' tab),,,,,False
140,,Pass Explosive Matchup Points-to-Game-Points Conversion,0.06,"A starting guess, like every other coefficient in this model -- a structurally different, dedicated constant, NOT reused from any other tab's conversion factor. Converts (offense's real Explosive Pass Rate Z - opponent's real Pass Prevention Composite Z) into real game points. NOT YET VALIDATED agai",build_explosive_play_matchup_wiring,True
141,,Run Explosive Matchup Points-to-Game-Points Conversion,0.05,"A starting guess, like every other coefficient in this model -- a structurally different, dedicated constant. Converts (offense's real Explosive Run Rate Z - opponent's real Run Prevention Z) into real game points. Smaller than the pass conversion (C140), same reasoning as the Defensive Matchup Engi",build_explosive_play_matchup_wiring,True
142,Turnover & Red-Zone Regression Engine (see 'Turnover & Red-Zone Regression' tab),,,,,False
143,,Turnover Luck Retention Weight,0.25,"A judgment call, like every other coefficient in this model -- NOT an established fact. Starting well below 1.0 per the spec's own explicit guidance: most of a season's turnover LUCK component should not be expected to repeat. 0 = fully regress to Expected (assume none of the luck persists); 1 = ful",build_turnover_redzone_regression,True
144,,Points per Net Turnover (Turnover Regression Adj conversion),4,"A starting guess, like every other coefficient in this model -- a real, commonly-cited approximate win-probability/field-position value of one turnover, not treated as more precise than that. Converts (Regressed Turnover Differential / real games played in the source season) into game points.",build_turnover_redzone_regression,True
145,,Red-Zone Blend Weight — Base (at 1 possession),0.1,"Same SHAPE as the existing Current-Season Blend Weight (C12-14), applied to real red-zone/goal-to-go POSSESSION count instead of games played -- NOT the same cells, since those are calibrated for a 0-17 games-played range, not red-zone possessions. A team with only 1 real red-zone possession should ",build_turnover_redzone_regression,True
146,,Red-Zone Blend Weight — Added per Additional Possession,0.01,Same reasoning as C145 -- a judgment call on how fast trust in a team's own real red-zone rate should ramp up as its real sample size grows. Calibrated against real 2023-2025 red-zone possession counts (roughly 30-80 per team per season): 0.03 would saturate the cap for EVERY real team even at the l,build_turnover_redzone_regression,True
147,,Red-Zone Blend Weight — Maximum Cap,0.9,"Same reasoning as C145/C146 -- even with a large real sample, some shrinkage toward the league average stays in place (matches C14's own 0.85 cap in spirit, slightly higher since a full season's red-zone possession count is a real, if noisy, sample).",build_turnover_redzone_regression,True
148,,Points per Red-Zone TD%-Point Advantage (Red-Zone Regression Adj conversion),4,"A starting guess, like every other coefficient in this model -- a real, approximate points-per-possession value of converting a red-zone trip into a Touchdown instead of the average non-Touchdown red-zone outcome (field goal, turnover, etc.), roughly the real 7-vs-3 point swing. Converts (Regressed ",build_turnover_redzone_regression,True
149,"Game Environment Upgrades (Week 1 Matchups Parts A-D -- HFA, Rest Tiers, Road Fatigue/Travel Direction, Snow/Humidity; see 'Week 1 Matchups' and 'Team",,,,,False
150,,"Short Week/Thursday Rest Threshold (days, <=)",4,"Home or Away Rest Days at or below this many days counts as a Short Week/Thursday game for that team -- a named category boundary, not a linear coefficient.",build_game_environment_wiring,True
151,,"Bye/Long Rest Threshold (days, >=)",10,Home or Away Rest Days at or above this many days counts as Bye/Long Rest for that team.,build_game_environment_wiring,True
152,,Short Week/Thursday Rest Effect (pts),-1.5,Applied to whichever side (Home Tier Effect or Away Tier Effect) is on a Short Week; the other side keeps its own tier's effect. Replaces the old linear (Home Rest - Away Rest) * C4 formula in column O.,build_game_environment_wiring,True
153,,Normal Rest Effect (pts),0,Applied when a team's rest days are strictly between the Short Week and Bye thresholds -- the 'nothing unusual' middle tier.,build_game_environment_wiring,True
154,,Bye/Long Rest Effect (pts),1,Applied to whichever side is coming off a bye or extended rest.,build_game_environment_wiring,True
155,,Consecutive Road Games Threshold (games),3,"A team with this many or more consecutive real road games (Availability Index Section 2b, trailing 3) takes the road-fatigue penalty below, regardless of whether they're Home or Away in THIS game.",build_game_environment_wiring,True
156,,Consecutive Road Games Penalty (pts),-1,"Applied to the fatigued team's own score (Z if they're Home this week, AA if Away) -- the fatigue is real regardless of this week's site.",build_game_environment_wiring,True
157,,Travel Direction -- West-to-East Penalty (pts),-0.5,"Applied to the Away team only when Home Stadium UTC Offset - Away Team's own Home UTC Offset > 0 (traveling east, e.g. Pacific -8 -> Eastern -5) -- a real, published (though coarse/approximate, standard-time-only) jet-lag research finding that eastward travel is harder on performance than westward. ",build_game_environment_wiring,True
158,,"Snow Adjustment (pts, applied to game total)",-1.5,Applied INSTEAD OF (not in addition to) the existing generic Precipitation Adjustment (C10) when Snow=Y -- avoids double-counting the same precipitation event. Precip=Y with Snow=N still uses C10 as before.,build_game_environment_wiring,True
159,,"Humidity Threshold (%, >=)",70,"Humidity at or above this triggers the High Humidity Adjustment below -- applied additively alongside the existing Wind/Cold/Precip-or-Snow mechanics, not a replacement for any of them.",build_game_environment_wiring,True
160,,"High Humidity Adjustment (pts, applied to game total)",-0.5,"A starting guess, like every other coefficient in this model.",build_game_environment_wiring,True
161,"Coaching Index (pts per std. dev., + Penalty Regression Blend Weight; see 'Coaching Index' tab)",,,,,False
162,,4th Down Aggressiveness Weight (pts per SD),0.4,Highest confidence per the spec -- a real Go-For-It-Rate-vs-league-average proxy in the 4th-and-2-or-less bucket (see 'Coaching Index' tab's own honesty note: NOT a true win-probability-optimal decision-model comparison -- no such model exists in the real pbp data this project pulls from).,,False
163,,1Q Scripting Net EPA Weight (pts per SD),0.4,"Real, buildable -- own offense's real Q1 EPA/play minus own defense's real Q1 EPA/play allowed.",,False
164,,Penalty Discipline Weight (pts per SD),0.3,"Uses the REGRESSED Penalty Rate (already shrunk toward league average by real sample size, C166-C168 below), not the raw rate.",,False
165,,Second-Half EPA Delta Weight (pts per SD),0.15,"LOWEST CONFIDENCE, deliberately weighted well below 4th Down Aggressiveness (C162) -- 'halftime adjustment skill' is a popular football-media narrative with real, published skepticism in analytics circles about whether it's a persistent, measurable coaching trait versus noise that gets a story fitte",,False
166,,Penalty Regression Blend Weight Base,0.1,"Real minimum trust (lowest real sample size in the pulled data, an interim coach's partial season) before any sample-size credit is added.",build_coaching_index,True
167,,Penalty Regression Blend Weight Increment (per real play),0.0004,"Calibrated live against the real pulled sample: Total Plays per real coach-season ranges ~430 (a real partial-season interim coach) to ~2435 (a full real season) -- a ~2,000-play spread, a completely different scale than Turnover & Red-Zone Regression's own red-zone-drive sample (33-76). This increm",build_coaching_index,True
168,,Penalty Regression Blend Weight Cap,0.9,"Same cap convention as Turnover & Red-Zone Regression's own blend weight -- never fully trust a single season's raw rate, even at a full sample.",build_coaching_index,True
169,,Coaching Composite-to-Points Conversion,0.5,"A starting guess, like every other coefficient in this model. Converts the Weighted Z-Score Sum (Section 5) into real game points -- the spec suggests a roughly -1.5 to +1.5 range as a sanity check, not a hardcoded bound; this stays a tunable assumption.",build_coaching_index,True
170,"Market Comparison, Confidence & Explanation Engine (see 'Market Comparison & Confidence' tab)",,,,,False
171,,Win Probability Logistic Slope (pts per logit),10.5,"A starting guess, like every other coefficient in this model -- the correct slope really should come from backtesting eventually. Converts Model Margin into Win Probability via 1/(1+EXP(-Margin/K)); larger K = a flatter curve (less confident swings per point of margin).",build_market_comparison_confidence,True
172,,Confidence: Sample Size Weight,0.25,"Real Games Played (Team Ratings col H), averaged across both teams and scaled against a real 17-game season.",build_market_comparison_confidence,True
173,,Confidence: QB/Override Certainty Weight,0.25,Real signal: this game's own Starting QB Status ('Backup In') and whether QB Index's own Manual Override table is set for either team -- more active overrides/backup flags lowers this component.,build_market_comparison_confidence,True
174,,Confidence: OL Center Continuity Weight,0.25,Real signal: the existing Center-only Is Rookie Starter flag (Offensive Line Index Section 6) -- the spec's own explicit interim proxy until OL Full-Line Risk lands.,build_market_comparison_confidence,True
175,,Confidence: Matchup Agreement Weight,0.25,"Real signal: sign-agreement across Phase Matchup / OL Pressure / Explosive Play adjustment differentials against the model's own final Margin sign -- literally checking signs of existing columns, no new signal invented.",build_market_comparison_confidence,True
176,,"Confidence Tier Threshold -- Low/Medium (composite, 0-1)",0.4,,build_market_comparison_confidence,True
177,,"Confidence Tier Threshold -- Medium/Medium-High (composite, 0-1)",0.6,,build_market_comparison_confidence,True
178,,"Confidence Tier Threshold -- Medium-High/High (composite, 0-1)",0.8,,build_market_comparison_confidence,True
179,NO 'model variance' component exists anywhere in the Confidence Score -- a real prediction-residual variance needs backtesting data this project doesn,,,,,False
180,QB Pure Y/A -- Volume-Projection Only (see 'QB Index' tab's own Section 3/5 'Y/A' block; NOT part of QB Index Score),,,,,False
181,WR/TE Target Share & Catch Rate -- Volume-Projection Only (see 'WR-TE Value Index' tab's own Section 3/5 'Target Share'/'Catch Rate' block; NOT part o,"Pure Y/A Weight (QB Index, pts per SD) -- MUST STAY 0",0,"claude_code_spec_player_prop_projections.md: a SEPARATE, PURE Yards/Attempt metric (no TD/INT adjustment), deliberately distinct from ANY/A above -- ANY/A stays the skill-evaluation metric feeding QB Index Score; this one exists ONLY so 'Player Prop Projections' can reference a real, decay-weighted,",build_qb_index,True
182,,"Target Share Weight (WR/TE Index, pts per SD) -- MUST STAY 0",0,"claude_code_spec_player_prop_projections.md: real player Target Share (own real targets / team's own real total pass attempts) -- genuinely new, distinct from Pass-Play Snap Participation % (C125, which measures route-running frequency, not how often a player is actually targeted). Exists ONLY so 'P",build_wr_te_index,True
183,,"Catch Rate Weight (WR/TE Index, pts per SD) -- MUST STAY 0",0,"claude_code_spec_player_prop_projections.md: real Receptions/Targets per player-season -- exists ONLY so 'Player Prop Projections' can reference a real, decay-weighted, current-season-blended Catch Rate baseline for volume-projection purposes (Part B efficiency for receptions). Keep this weight at 0",build_wr_te_index,True
184,Player Prop Projections -- Volume x Per-Unit-Efficiency (see 'Player Prop Projections' tab). Deterministic point estimates only -- no Monte Carlo/simu,,,,,False
185,,Game-Script Volume Sensitivity (Att/Gm per pt of own spread),0.05,"claude_code_spec_player_prop_projections.md Part A: how much a team's real real expected pass/rush volume shifts per point of its own real spread (positive = underdog). A starting guess, like every other coefficient in this model -- applied with sign +1 (pass volume rises for a bigger underdog) for ",build_player_prop_projections,True
186,,Matchup-Adjusted Efficiency Sensitivity (per pt of Index-Score differential),0.01,"claude_code_spec_player_prop_projections.md Part B: how much a player's real blended per-unit efficiency (Y/A for QB, YPC for RB, YPT for WR/TE) shifts per point of the Defensive Matchup Engine's own real Pass/Run Matchup Differential (already wired onto Season Matchups). A starting guess, like ever",build_player_prop_projections,True
187,,Player Prop Yards Edge Threshold (min |edge| to recommend Over/Under),5,"Same threshold-based Recommended Play pattern Season Matchups' own DK/MyBookie Spread/Total Recommended Play columns already use -- a separate constant since this measures yards, not game points.",build_player_prop_projections,True
188,,Player Prop Receptions Edge Threshold (min |edge| to recommend Over/Under),0.5,"Same threshold-based Recommended Play pattern as C187, in receptions rather than yards -- WR/TE rows only.",build_player_prop_projections,True
189,WR/TE Target Share & Catch Rate -- Volume-Projection Only (see 'WR-TE Value Index' tab's own Section 3/5 'Target Share'/'Catch Rate' block; NOT part o,,,,,False
